"Program","Year","Period","Week Ending","Geo Level","State","State ANSI","Ag District","Ag District Code","County","County ANSI","Zip Code","Region","watershed_code","Watershed","Commodity","Data Item","Domain","Domain Category","Value","CV (%)"
"SURVEY","2023","YEAR","","STATE","COLORADO","08","","","","","","","00000000","","WHEAT","WHEAT, WINTER - YIELD, MEASURED IN BU / ACRE","TOTAL","NOT SPECIFIED","41",""
"SURVEY","2023","YEAR","","STATE","IDAHO","16","","","","","","","00000000","","WHEAT","WHEAT, WINTER - YIELD, MEASURED IN BU / ACRE","TOTAL","NOT SPECIFIED","89",""
"SURVEY","2023","YEAR","","STATE","ILLINOIS","17","","","","","","","00000000","","WHEAT","WHEAT, WINTER - YIELD, MEASURED IN BU / ACRE","TOTAL","NOT SPECIFIED","87",""
"SURVEY","2023","YEAR","","STATE","KANSAS","20","","","","","","","00000000","","WHEAT","WHEAT, WINTER - YIELD, MEASURED IN BU / ACRE","TOTAL","NOT SPECIFIED","35",""
"SURVEY","2023","YEAR","","STATE","MISSOURI","29","","","","","","","00000000","","WHEAT","WHEAT, WINTER - YIELD, MEASURED IN BU / ACRE","TOTAL","NOT SPECIFIED","70",""
"SURVEY","2023","YEAR","","STATE","MONTANA","30","","","","","","","00000000","","WHEAT","WHEAT, WINTER - YIELD, MEASURED IN BU / ACRE","TOTAL","NOT SPECIFIED","51",""
"SURVEY","2023","YEAR","","STATE","NEBRASKA","31","","","","","","","00000000","","WHEAT","WHEAT, WINTER - YIELD, MEASURED IN BU / ACRE","TOTAL","NOT SPECIFIED","42",""
"SURVEY","2023","YEAR","","STATE","OKLAHOMA","40","","","","","","","00000000","","WHEAT","WHEAT, WINTER - YIELD, MEASURED IN BU / ACRE","TOTAL","NOT SPECIFIED","28",""
"SURVEY","2023","YEAR","","STATE","SOUTH DAKOTA","46","","","","","","","00000000","","WHEAT","WHEAT, WINTER - YIELD, MEASURED IN BU / ACRE","TOTAL","NOT SPECIFIED","47",""
"SURVEY","2023","YEAR","","STATE","WASHINGTON","53","","","","","","","00000000","","WHEAT","WHEAT, WINTER - YIELD, MEASURED IN BU / ACRE","TOTAL","NOT SPECIFIED","54",""
"SURVEY","2022","YEAR","","STATE","COLORADO","08","","","","","","","00000000","","WHEAT","WHEAT, WINTER - YIELD, MEASURED IN BU / ACRE","TOTAL","NOT SPECIFIED","25",""
"SURVEY","2022","YEAR","","STATE","IDAHO","16","","","","","","","00000000","","WHEAT","WHEAT, WINTER - YIELD, MEASURED IN BU / ACRE","TOTAL","NOT SPECIFIED","90",""
"SURVEY","2022","YEAR","","STATE","ILLINOIS","17","","","","","","","00000000","","WHEAT","WHEAT, WINTER - YIELD, MEASURED IN BU / ACRE","TOTAL","NOT SPECIFIED","79",""
"SURVEY","2022","YEAR","","STATE","KANSAS","20","","","","","","","00000000","","WHEAT","WHEAT, WINTER - YIELD, MEASURED IN BU / ACRE","TOTAL","NOT SPECIFIED","37",""
"SURVEY","2022","YEAR","","STATE","MISSOURI","29","","","","","","","00000000","","WHEAT","WHEAT, WINTER - YIELD, MEASURED IN BU / ACRE","TOTAL","NOT SPECIFIED","60",""
"SURVEY","2022","YEAR","","STATE","MONTANA","30","","","","","","","00000000","","WHEAT","WHEAT, WINTER - YIELD, MEASURED IN BU / ACRE","TOTAL","NOT SPECIFIED","33",""
"SURVEY","2022","YEAR","","STATE","NEBRASKA","31","","","","","","","00000000","","WHEAT","WHEAT, WINTER - YIELD, MEASURED IN BU / ACRE","TOTAL","NOT SPECIFIED","32",""
"SURVEY","2022","YEAR","","STATE","OKLAHOMA","40","","","","","","","00000000","","WHEAT","WHEAT, WINTER - YIELD, MEASURED IN BU / ACRE","TOTAL","NOT SPECIFIED","28",""
"SURVEY","2022","YEAR","","STATE","SOUTH DAKOTA","46","","","","","","","00000000","","WHEAT","WHEAT, WINTER - YIELD, MEASURED IN BU / ACRE","TOTAL","NOT SPECIFIED","52",""
"SURVEY","2022","YEAR","","STATE","WASHINGTON","53","","","","","","","00000000","","WHEAT","WHEAT, WINTER - YIELD, MEASURED IN BU / ACRE","TOTAL","NOT SPECIFIED","68",""
"SURVEY","2021","YEAR","","STATE","COLORADO","08","","","","","","","00000000","","WHEAT","WHEAT, WINTER - YIELD, MEASURED IN BU / ACRE","TOTAL","NOT SPECIFIED","37",""
"SURVEY","2021","YEAR","","STATE","IDAHO","16","","","","","","","00000000","","WHEAT","WHEAT, WINTER - YIELD, MEASURED IN BU / ACRE","TOTAL","NOT SPECIFIED","71",""
"SURVEY","2021","YEAR","","STATE","ILLINOIS","17","","","","","","","00000000","","WHEAT","WHEAT, WINTER - YIELD, MEASURED IN BU / ACRE","TOTAL","NOT SPECIFIED","79",""
"SURVEY","2021","YEAR","","STATE","KANSAS","20","","","","","","","00000000","","WHEAT","WHEAT, WINTER - YIELD, MEASURED IN BU / ACRE","TOTAL","NOT SPECIFIED","52",""
"SURVEY","2021","YEAR","","STATE","MISSOURI","29","","","","","","","00000000","","WHEAT","WHEAT, WINTER - YIELD, MEASURED IN BU / ACRE","TOTAL","NOT SPECIFIED","65",""
"SURVEY","2021","YEAR","","STATE","MONTANA","30","","","","","","","00000000","","WHEAT","WHEAT, WINTER - YIELD, MEASURED IN BU / ACRE","TOTAL","NOT SPECIFIED","31",""
"SURVEY","2021","YEAR","","STATE","NEBRASKA","31","","","","","","","00000000","","WHEAT","WHEAT, WINTER - YIELD, MEASURED IN BU / ACRE","TOTAL","NOT SPECIFIED","49",""
"SURVEY","2021","YEAR","","STATE","OKLAHOMA","40","","","","","","","00000000","","WHEAT","WHEAT, WINTER - YIELD, MEASURED IN BU / ACRE","TOTAL","NOT SPECIFIED","39",""
"SURVEY","2021","YEAR","","STATE","SOUTH DAKOTA","46","","","","","","","00000000","","WHEAT","WHEAT, WINTER - YIELD, MEASURED IN BU / ACRE","TOTAL","NOT SPECIFIED","38",""
"SURVEY","2021","YEAR","","STATE","WASHINGTON","53","","","","","","","00000000","","WHEAT","WHEAT, WINTER - YIELD, MEASURED IN BU / ACRE","TOTAL","NOT SPECIFIED","42",""
"SURVEY","2020","YEAR","","STATE","COLORADO","08","","","","","","","00000000","","WHEAT","WHEAT, WINTER - YIELD, MEASURED IN BU / ACRE","TOTAL","NOT SPECIFIED","27",""
"SURVEY","2020","YEAR","","STATE","IDAHO","16","","","","","","","00000000","","WHEAT","WHEAT, WINTER - YIELD, MEASURED IN BU / ACRE","TOTAL","NOT SPECIFIED","101",""
"SURVEY","2020","YEAR","","STATE","ILLINOIS","17","","","","","","","00000000","","WHEAT","WHEAT, WINTER - YIELD, MEASURED IN BU / ACRE","TOTAL","NOT SPECIFIED","68",""
"SURVEY","2020","YEAR","","STATE","KANSAS","20","","","","","","","00000000","","WHEAT","WHEAT, WINTER - YIELD, MEASURED IN BU / ACRE","TOTAL","NOT SPECIFIED","45",""
"SURVEY","2020","YEAR","","STATE","MISSOURI","29","","","","","","","00000000","","WHEAT","WHEAT, WINTER - YIELD, MEASURED IN BU / ACRE","TOTAL","NOT SPECIFIED","62",""
"SURVEY","2020","YEAR","","STATE","MONTANA","30","","","","","","","00000000","","WHEAT","WHEAT, WINTER - YIELD, MEASURED IN BU / ACRE","TOTAL","NOT SPECIFIED","51",""
"SURVEY","2020","YEAR","","STATE","NEBRASKA","31","","","","","","","00000000","","WHEAT","WHEAT, WINTER - YIELD, MEASURED IN BU / ACRE","TOTAL","NOT SPECIFIED","41",""
"SURVEY","2020","YEAR","","STATE","OKLAHOMA","40","","","","","","","00000000","","WHEAT","WHEAT, WINTER - YIELD, MEASURED IN BU / ACRE","TOTAL","NOT SPECIFIED","40",""
"SURVEY","2020","YEAR","","STATE","SOUTH DAKOTA","46","","","","","","","00000000","","WHEAT","WHEAT, WINTER - YIELD, MEASURED IN BU / ACRE","TOTAL","NOT SPECIFIED","58",""
"SURVEY","2020","YEAR","","STATE","WASHINGTON","53","","","","","","","00000000","","WHEAT","WHEAT, WINTER - YIELD, MEASURED IN BU / ACRE","TOTAL","NOT SPECIFIED","76",""
"SURVEY","2019","YEAR","","STATE","COLORADO","08","","","","","","","00000000","","WHEAT","WHEAT, WINTER - YIELD, MEASURED IN BU / ACRE","TOTAL","NOT SPECIFIED","49",""
"SURVEY","2019","YEAR","","STATE","IDAHO","16","","","","","","","00000000","","WHEAT","WHEAT, WINTER - YIELD, MEASURED IN BU / ACRE","TOTAL","NOT SPECIFIED","87",""
"SURVEY","2019","YEAR","","STATE","ILLINOIS","17","","","","","","","00000000","","WHEAT","WHEAT, WINTER - YIELD, MEASURED IN BU / ACRE","TOTAL","NOT SPECIFIED","67",""
"SURVEY","2019","YEAR","","STATE","KANSAS","20","","","","","","","00000000","","WHEAT","WHEAT, WINTER - YIELD, MEASURED IN BU / ACRE","TOTAL","NOT SPECIFIED","52",""
"SURVEY","2019","YEAR","","STATE","MISSOURI","29","","","","","","","00000000","","WHEAT","WHEAT, WINTER - YIELD, MEASURED IN BU / ACRE","TOTAL","NOT SPECIFIED","63",""
"SURVEY","2019","YEAR","","STATE","MONTANA","30","","","","","","","00000000","","WHEAT","WHEAT, WINTER - YIELD, MEASURED IN BU / ACRE","TOTAL","NOT SPECIFIED","50",""
"SURVEY","2019","YEAR","","STATE","NEBRASKA","31","","","","","","","00000000","","WHEAT","WHEAT, WINTER - YIELD, MEASURED IN BU / ACRE","TOTAL","NOT SPECIFIED","57",""
"SURVEY","2019","YEAR","","STATE","OKLAHOMA","40","","","","","","","00000000","","WHEAT","WHEAT, WINTER - YIELD, MEASURED IN BU / ACRE","TOTAL","NOT SPECIFIED","40",""
"SURVEY","2019","YEAR","","STATE","SOUTH DAKOTA","46","","","","","","","00000000","","WHEAT","WHEAT, WINTER - YIELD, MEASURED IN BU / ACRE","TOTAL","NOT SPECIFIED","52",""
"SURVEY","2019","YEAR","","STATE","WASHINGTON","53","","","","","","","00000000","","WHEAT","WHEAT, WINTER - YIELD, MEASURED IN BU / ACRE","TOTAL","NOT SPECIFIED","70",""
"SURVEY","2018","YEAR","","STATE","COLORADO","08","","","","","","","00000000","","WHEAT","WHEAT, WINTER - YIELD, MEASURED IN BU / ACRE","TOTAL","NOT SPECIFIED","36",""
"SURVEY","2018","YEAR","","STATE","IDAHO","16","","","","","","","00000000","","WHEAT","WHEAT, WINTER - YIELD, MEASURED IN BU / ACRE","TOTAL","NOT SPECIFIED","90",""
"SURVEY","2018","YEAR","","STATE","ILLINOIS","17","","","","","","","00000000","","WHEAT","WHEAT, WINTER - YIELD, MEASURED IN BU / ACRE","TOTAL","NOT SPECIFIED","66",""
"SURVEY","2018","YEAR","","STATE","KANSAS","20","","","","","","","00000000","","WHEAT","WHEAT, WINTER - YIELD, MEASURED IN BU / ACRE","TOTAL","NOT SPECIFIED","38",""
"SURVEY","2018","YEAR","","STATE","MISSOURI","29","","","","","","","00000000","","WHEAT","WHEAT, WINTER - YIELD, MEASURED IN BU / ACRE","TOTAL","NOT SPECIFIED","59",""
"SURVEY","2018","YEAR","","STATE","MONTANA","30","","","","","","","00000000","","WHEAT","WHEAT, WINTER - YIELD, MEASURED IN BU / ACRE","TOTAL","NOT SPECIFIED","50",""
"SURVEY","2018","YEAR","","STATE","NEBRASKA","31","","","","","","","00000000","","WHEAT","WHEAT, WINTER - YIELD, MEASURED IN BU / ACRE","TOTAL","NOT SPECIFIED","49",""
"SURVEY","2018","YEAR","","STATE","OKLAHOMA","40","","","","","","","00000000","","WHEAT","WHEAT, WINTER - YIELD, MEASURED IN BU / ACRE","TOTAL","NOT SPECIFIED","28",""
"SURVEY","2018","YEAR","","STATE","SOUTH DAKOTA","46","","","","","","","00000000","","WHEAT","WHEAT, WINTER - YIELD, MEASURED IN BU / ACRE","TOTAL","NOT SPECIFIED","48",""
"SURVEY","2018","YEAR","","STATE","WASHINGTON","53","","","","","","","00000000","","WHEAT","WHEAT, WINTER - YIELD, MEASURED IN BU / ACRE","TOTAL","NOT SPECIFIED","76",""
"SURVEY","2017","YEAR","","STATE","COLORADO","08","","","","","","","00000000","","WHEAT","WHEAT, WINTER - YIELD, MEASURED IN BU / ACRE","TOTAL","NOT SPECIFIED","43",""
"SURVEY","2017","YEAR","","STATE","IDAHO","16","","","","","","","00000000","","WHEAT","WHEAT, WINTER - YIELD, MEASURED IN BU / ACRE","TOTAL","NOT SPECIFIED","80",""
"SURVEY","2017","YEAR","","STATE","ILLINOIS","17","","","","","","","00000000","","WHEAT","WHEAT, WINTER - YIELD, MEASURED IN BU / ACRE","TOTAL","NOT SPECIFIED","76",""
"SURVEY","2017","YEAR","","STATE","KANSAS","20","","","","","","","00000000","","WHEAT","WHEAT, WINTER - YIELD, MEASURED IN BU / ACRE","TOTAL","NOT SPECIFIED","48",""
"SURVEY","2017","YEAR","","STATE","MISSOURI","29","","","","","","","00000000","","WHEAT","WHEAT, WINTER - YIELD, MEASURED IN BU / ACRE","TOTAL","NOT SPECIFIED","68",""
"SURVEY","2017","YEAR","","STATE","MONTANA","30","","","","","","","00000000","","WHEAT","WHEAT, WINTER - YIELD, MEASURED IN BU / ACRE","TOTAL","NOT SPECIFIED","42",""
"SURVEY","2017","YEAR","","STATE","NEBRASKA","31","","","","","","","00000000","","WHEAT","WHEAT, WINTER - YIELD, MEASURED IN BU / ACRE","TOTAL","NOT SPECIFIED","46",""
"SURVEY","2017","YEAR","","STATE","OKLAHOMA","40","","","","","","","00000000","","WHEAT","WHEAT, WINTER - YIELD, MEASURED IN BU / ACRE","TOTAL","NOT SPECIFIED","34",""
"SURVEY","2017","YEAR","","STATE","SOUTH DAKOTA","46","","","","","","","00000000","","WHEAT","WHEAT, WINTER - YIELD, MEASURED IN BU / ACRE","TOTAL","NOT SPECIFIED","40",""
"SURVEY","2017","YEAR","","STATE","WASHINGTON","53","","","","","","","00000000","","WHEAT","WHEAT, WINTER - YIELD, MEASURED IN BU / ACRE","TOTAL","NOT SPECIFIED","73",""
"SURVEY","2016","YEAR","","STATE","COLORADO","08","","","","","","","00000000","","WHEAT","WHEAT, WINTER - YIELD, MEASURED IN BU / ACRE","TOTAL","NOT SPECIFIED","48",""
"SURVEY","2016","YEAR","","STATE","IDAHO","16","","","","","","","00000000","","WHEAT","WHEAT, WINTER - YIELD, MEASURED IN BU / ACRE","TOTAL","NOT SPECIFIED","94",""
"SURVEY","2016","YEAR","","STATE","ILLINOIS","17","","","","","","","00000000","","WHEAT","WHEAT, WINTER - YIELD, MEASURED IN BU / ACRE","TOTAL","NOT SPECIFIED","74",""
"SURVEY","2016","YEAR","","STATE","KANSAS","20","","","","","","","00000000","","WHEAT","WHEAT, WINTER - YIELD, MEASURED IN BU / ACRE","TOTAL","NOT SPECIFIED","57",""
"SURVEY","2016","YEAR","","STATE","MISSOURI","29","","","","","","","00000000","","WHEAT","WHEAT, WINTER - YIELD, MEASURED IN BU / ACRE","TOTAL","NOT SPECIFIED","70",""
"SURVEY","2016","YEAR","","STATE","MONTANA","30","","","","","","","00000000","","WHEAT","WHEAT, WINTER - YIELD, MEASURED IN BU / ACRE","TOTAL","NOT SPECIFIED","49",""
"SURVEY","2016","YEAR","","STATE","NEBRASKA","31","","","","","","","00000000","","WHEAT","WHEAT, WINTER - YIELD, MEASURED IN BU / ACRE","TOTAL","NOT SPECIFIED","54",""
"SURVEY","2016","YEAR","","STATE","OKLAHOMA","40","","","","","","","00000000","","WHEAT","WHEAT, WINTER - YIELD, MEASURED IN BU / ACRE","TOTAL","NOT SPECIFIED","39",""
"SURVEY","2016","YEAR","","STATE","SOUTH DAKOTA","46","","","","","","","00000000","","WHEAT","WHEAT, WINTER - YIELD, MEASURED IN BU / ACRE","TOTAL","NOT SPECIFIED","58",""
"SURVEY","2016","YEAR","","STATE","WASHINGTON","53","","","","","","","00000000","","WHEAT","WHEAT, WINTER - YIELD, MEASURED IN BU / ACRE","TOTAL","NOT SPECIFIED","78",""
"SURVEY","2015","YEAR","","STATE","COLORADO","08","","","","","","","00000000","","WHEAT","WHEAT, WINTER - YIELD, MEASURED IN BU / ACRE","TOTAL","NOT SPECIFIED","37",""
"SURVEY","2015","YEAR","","STATE","IDAHO","16","","","","","","","00000000","","WHEAT","WHEAT, WINTER - YIELD, MEASURED IN BU / ACRE","TOTAL","NOT SPECIFIED","82",""
"SURVEY","2015","YEAR","","STATE","ILLINOIS","17","","","","","","","00000000","","WHEAT","WHEAT, WINTER - YIELD, MEASURED IN BU / ACRE","TOTAL","NOT SPECIFIED","65",""
"SURVEY","2015","YEAR","","STATE","KANSAS","20","","","","","","","00000000","","WHEAT","WHEAT, WINTER - YIELD, MEASURED IN BU / ACRE","TOTAL","NOT SPECIFIED","37",""
"SURVEY","2015","YEAR","","STATE","MISSOURI","29","","","","","","","00000000","","WHEAT","WHEAT, WINTER - YIELD, MEASURED IN BU / ACRE","TOTAL","NOT SPECIFIED","53",""
"SURVEY","2015","YEAR","","STATE","MONTANA","30","","","","","","","00000000","","WHEAT","WHEAT, WINTER - YIELD, MEASURED IN BU / ACRE","TOTAL","NOT SPECIFIED","41",""
"SURVEY","2015","YEAR","","STATE","NEBRASKA","31","","","","","","","00000000","","WHEAT","WHEAT, WINTER - YIELD, MEASURED IN BU / ACRE","TOTAL","NOT SPECIFIED","38",""
"SURVEY","2015","YEAR","","STATE","OKLAHOMA","40","","","","","","","00000000","","WHEAT","WHEAT, WINTER - YIELD, MEASURED IN BU / ACRE","TOTAL","NOT SPECIFIED","26",""
"SURVEY","2015","YEAR","","STATE","SOUTH DAKOTA","46","","","","","","","00000000","","WHEAT","WHEAT, WINTER - YIELD, MEASURED IN BU / ACRE","TOTAL","NOT SPECIFIED","44",""
"SURVEY","2015","YEAR","","STATE","WASHINGTON","53","","","","","","","00000000","","WHEAT","WHEAT, WINTER - YIELD, MEASURED IN BU / ACRE","TOTAL","NOT SPECIFIED","56",""
"SURVEY","2014","YEAR","","STATE","COLORADO","08","","","","","","","00000000","","WHEAT","WHEAT, WINTER - YIELD, MEASURED IN BU / ACRE","TOTAL","NOT SPECIFIED","38",""
"SURVEY","2014","YEAR","","STATE","IDAHO","16","","","","","","","00000000","","WHEAT","WHEAT, WINTER - YIELD, MEASURED IN BU / ACRE","TOTAL","NOT SPECIFIED","80",""
"SURVEY","2014","YEAR","","STATE","ILLINOIS","17","","","","","","","00000000","","WHEAT","WHEAT, WINTER - YIELD, MEASURED IN BU / ACRE","TOTAL","NOT SPECIFIED","67",""
"SURVEY","2014","YEAR","","STATE","KANSAS","20","","","","","","","00000000","","WHEAT","WHEAT, WINTER - YIELD, MEASURED IN BU / ACRE","TOTAL","NOT SPECIFIED","28",""
"SURVEY","2014","YEAR","","STATE","MISSOURI","29","","","","","","","00000000","","WHEAT","WHEAT, WINTER - YIELD, MEASURED IN BU / ACRE","TOTAL","NOT SPECIFIED","58",""
"SURVEY","2014","YEAR","","STATE","MONTANA","30","","","","","","","00000000","","WHEAT","WHEAT, WINTER - YIELD, MEASURED IN BU / ACRE","TOTAL","NOT SPECIFIED","41",""
"SURVEY","2014","YEAR","","STATE","NEBRASKA","31","","","","","","","00000000","","WHEAT","WHEAT, WINTER - YIELD, MEASURED IN BU / ACRE","TOTAL","NOT SPECIFIED","49",""
"SURVEY","2014","YEAR","","STATE","OKLAHOMA","40","","","","","","","00000000","","WHEAT","WHEAT, WINTER - YIELD, MEASURED IN BU / ACRE","TOTAL","NOT SPECIFIED","17",""
"SURVEY","2014","YEAR","","STATE","SOUTH DAKOTA","46","","","","","","","00000000","","WHEAT","WHEAT, WINTER - YIELD, MEASURED IN BU / ACRE","TOTAL","NOT SPECIFIED","55",""
"SURVEY","2014","YEAR","","STATE","WASHINGTON","53","","","","","","","00000000","","WHEAT","WHEAT, WINTER - YIELD, MEASURED IN BU / ACRE","TOTAL","NOT SPECIFIED","52",""
"SURVEY","2013","YEAR","","STATE","COLORADO","08","","","","","","","00000000","","WHEAT","WHEAT, WINTER - YIELD, MEASURED IN BU / ACRE","TOTAL","NOT SPECIFIED","25",""
"SURVEY","2013","YEAR","","STATE","IDAHO","16","","","","","","","00000000","","WHEAT","WHEAT, WINTER - YIELD, MEASURED IN BU / ACRE","TOTAL","NOT SPECIFIED","86",""
"SURVEY","2013","YEAR","","STATE","ILLINOIS","17","","","","","","","00000000","","WHEAT","WHEAT, WINTER - YIELD, MEASURED IN BU / ACRE","TOTAL","NOT SPECIFIED","67",""
"SURVEY","2013","YEAR","","STATE","KANSAS","20","","","","","","","00000000","","WHEAT","WHEAT, WINTER - YIELD, MEASURED IN BU / ACRE","TOTAL","NOT SPECIFIED","38",""
"SURVEY","2013","YEAR","","STATE","MISSOURI","29","","","","","","","00000000","","WHEAT","WHEAT, WINTER - YIELD, MEASURED IN BU / ACRE","TOTAL","NOT SPECIFIED","57",""
"SURVEY","2013","YEAR","","STATE","MONTANA","30","","","","","","","00000000","","WHEAT","WHEAT, WINTER - YIELD, MEASURED IN BU / ACRE","TOTAL","NOT SPECIFIED","43",""
"SURVEY","2013","YEAR","","STATE","NEBRASKA","31","","","","","","","00000000","","WHEAT","WHEAT, WINTER - YIELD, MEASURED IN BU / ACRE","TOTAL","NOT SPECIFIED","35",""
"SURVEY","2013","YEAR","","STATE","OKLAHOMA","40","","","","","","","00000000","","WHEAT","WHEAT, WINTER - YIELD, MEASURED IN BU / ACRE","TOTAL","NOT SPECIFIED","31",""
"SURVEY","2013","YEAR","","STATE","SOUTH DAKOTA","46","","","","","","","00000000","","WHEAT","WHEAT, WINTER - YIELD, MEASURED IN BU / ACRE","TOTAL","NOT SPECIFIED","39",""
"SURVEY","2013","YEAR","","STATE","WASHINGTON","53","","","","","","","00000000","","WHEAT","WHEAT, WINTER - YIELD, MEASURED IN BU / ACRE","TOTAL","NOT SPECIFIED","69",""
"SURVEY","2012","YEAR","","STATE","COLORADO","08","","","","","","","00000000","","WHEAT","WHEAT, WINTER - YIELD, MEASURED IN BU / ACRE","TOTAL","NOT SPECIFIED","31",""
"SURVEY","2012","YEAR","","STATE","IDAHO","16","","","","","","","00000000","","WHEAT","WHEAT, WINTER - YIELD, MEASURED IN BU / ACRE","TOTAL","NOT SPECIFIED","80",""
"SURVEY","2012","YEAR","","STATE","ILLINOIS","17","","","","","","","00000000","","WHEAT","WHEAT, WINTER - YIELD, MEASURED IN BU / ACRE","TOTAL","NOT SPECIFIED","64",""
"SURVEY","2012","YEAR","","STATE","KANSAS","20","","","","","","","00000000","","WHEAT","WHEAT, WINTER - YIELD, MEASURED IN BU / ACRE","TOTAL","NOT SPECIFIED","42",""
"SURVEY","2012","YEAR","","STATE","MISSOURI","29","","","","","","","00000000","","WHEAT","WHEAT, WINTER - YIELD, MEASURED IN BU / ACRE","TOTAL","NOT SPECIFIED","58",""
"SURVEY","2012","YEAR","","STATE","MONTANA","30","","","","","","","00000000","","WHEAT","WHEAT, WINTER - YIELD, MEASURED IN BU / ACRE","TOTAL","NOT SPECIFIED","39",""
"SURVEY","2012","YEAR","","STATE","NEBRASKA","31","","","","","","","00000000","","WHEAT","WHEAT, WINTER - YIELD, MEASURED IN BU / ACRE","TOTAL","NOT SPECIFIED","41",""
"SURVEY","2012","YEAR","","STATE","OKLAHOMA","40","","","","","","","00000000","","WHEAT","WHEAT, WINTER - YIELD, MEASURED IN BU / ACRE","TOTAL","NOT SPECIFIED","36",""
"SURVEY","2012","YEAR","","STATE","SOUTH DAKOTA","46","","","","","","","00000000","","WHEAT","WHEAT, WINTER - YIELD, MEASURED IN BU / ACRE","TOTAL","NOT SPECIFIED","50",""
"SURVEY","2012","YEAR","","STATE","WASHINGTON","53","","","","","","","00000000","","WHEAT","WHEAT, WINTER - YIELD, MEASURED IN BU / ACRE","TOTAL","NOT SPECIFIED","70",""
"SURVEY","2011","YEAR","","STATE","COLORADO","08","","","","","","","00000000","","WHEAT","WHEAT, WINTER - YIELD, MEASURED IN BU / ACRE","TOTAL","NOT SPECIFIED","37",""
"SURVEY","2011","YEAR","","STATE","IDAHO","16","","","","","","","00000000","","WHEAT","WHEAT, WINTER - YIELD, MEASURED IN BU / ACRE","TOTAL","NOT SPECIFIED","83",""
"SURVEY","2011","YEAR","","STATE","ILLINOIS","17","","","","","","","00000000","","WHEAT","WHEAT, WINTER - YIELD, MEASURED IN BU / ACRE","TOTAL","NOT SPECIFIED","61",""
"SURVEY","2011","YEAR","","STATE","KANSAS","20","","","","","","","00000000","","WHEAT","WHEAT, WINTER - YIELD, MEASURED IN BU / ACRE","TOTAL","NOT SPECIFIED","35",""
"SURVEY","2011","YEAR","","STATE","MISSOURI","29","","","","","","","00000000","","WHEAT","WHEAT, WINTER - YIELD, MEASURED IN BU / ACRE","TOTAL","NOT SPECIFIED","50",""
"SURVEY","2011","YEAR","","STATE","MONTANA","30","","","","","","","00000000","","WHEAT","WHEAT, WINTER - YIELD, MEASURED IN BU / ACRE","TOTAL","NOT SPECIFIED","41",""
"SURVEY","2011","YEAR","","STATE","NEBRASKA","31","","","","","","","00000000","","WHEAT","WHEAT, WINTER - YIELD, MEASURED IN BU / ACRE","TOTAL","NOT SPECIFIED","45",""
"SURVEY","2011","YEAR","","STATE","OKLAHOMA","40","","","","","","","00000000","","WHEAT","WHEAT, WINTER - YIELD, MEASURED IN BU / ACRE","TOTAL","NOT SPECIFIED","23",""
"SURVEY","2011","YEAR","","STATE","SOUTH DAKOTA","46","","","","","","","00000000","","WHEAT","WHEAT, WINTER - YIELD, MEASURED IN BU / ACRE","TOTAL","NOT SPECIFIED","42",""
"SURVEY","2011","YEAR","","STATE","WASHINGTON","53","","","","","","","00000000","","WHEAT","WHEAT, WINTER - YIELD, MEASURED IN BU / ACRE","TOTAL","NOT SPECIFIED","74",""
"SURVEY","2010","YEAR","","STATE","COLORADO","08","","","","","","","00000000","","WHEAT","WHEAT, WINTER - YIELD, MEASURED IN BU / ACRE","TOTAL","NOT SPECIFIED","43",""
"SURVEY","2010","YEAR","","STATE","IDAHO","16","","","","","","","00000000","","WHEAT","WHEAT, WINTER - YIELD, MEASURED IN BU / ACRE","TOTAL","NOT SPECIFIED","82",""
"SURVEY","2010","YEAR","","STATE","ILLINOIS","17","","","","","","","00000000","","WHEAT","WHEAT, WINTER - YIELD, MEASURED IN BU / ACRE","TOTAL","NOT SPECIFIED","57",""
"SURVEY","2010","YEAR","","STATE","KANSAS","20","","","","","","","00000000","","WHEAT","WHEAT, WINTER - YIELD, MEASURED IN BU / ACRE","TOTAL","NOT SPECIFIED","45",""
"SURVEY","2010","YEAR","","STATE","MISSOURI","29","","","","","","","00000000","","WHEAT","WHEAT, WINTER - YIELD, MEASURED IN BU / ACRE","TOTAL","NOT SPECIFIED","46",""
"SURVEY","2010","YEAR","","STATE","MONTANA","30","","","","","","","00000000","","WHEAT","WHEAT, WINTER - YIELD, MEASURED IN BU / ACRE","TOTAL","NOT SPECIFIED","49",""
"SURVEY","2010","YEAR","","STATE","NEBRASKA","31","","","","","","","00000000","","WHEAT","WHEAT, WINTER - YIELD, MEASURED IN BU / ACRE","TOTAL","NOT SPECIFIED","43",""
"SURVEY","2010","YEAR","","STATE","OKLAHOMA","40","","","","","","","00000000","","WHEAT","WHEAT, WINTER - YIELD, MEASURED IN BU / ACRE","TOTAL","NOT SPECIFIED","31",""
"SURVEY","2010","YEAR","","STATE","SOUTH DAKOTA","46","","","","","","","00000000","","WHEAT","WHEAT, WINTER - YIELD, MEASURED IN BU / ACRE","TOTAL","NOT SPECIFIED","49",""
"SURVEY","2010","YEAR","","STATE","WASHINGTON","53","","","","","","","00000000","","WHEAT","WHEAT, WINTER - YIELD, MEASURED IN BU / ACRE","TOTAL","NOT SPECIFIED","69",""
"SURVEY","2009","YEAR","","STATE","COLORADO","08","","","","","","","00000000","","WHEAT","WHEAT, WINTER - YIELD, MEASURED IN BU / ACRE","TOTAL","NOT SPECIFIED","40",""
"SURVEY","2009","YEAR","","STATE","IDAHO","16","","","","","","","00000000","","WHEAT","WHEAT, WINTER - YIELD, MEASURED IN BU / ACRE","TOTAL","NOT SPECIFIED","81",""
"SURVEY","2009","YEAR","","STATE","ILLINOIS","17","","","","","","","00000000","","WHEAT","WHEAT, WINTER - YIELD, MEASURED IN BU / ACRE","TOTAL","NOT SPECIFIED","56",""
"SURVEY","2009","YEAR","","STATE","KANSAS","20","","","","","","","00000000","","WHEAT","WHEAT, WINTER - YIELD, MEASURED IN BU / ACRE","TOTAL","NOT SPECIFIED","42",""
"SURVEY","2009","YEAR","","STATE","MISSOURI","29","","","","","","","00000000","","WHEAT","WHEAT, WINTER - YIELD, MEASURED IN BU / ACRE","TOTAL","NOT SPECIFIED","47",""
"SURVEY","2009","YEAR","","STATE","MONTANA","30","","","","","","","00000000","","WHEAT","WHEAT, WINTER - YIELD, MEASURED IN BU / ACRE","TOTAL","NOT SPECIFIED","37",""
"SURVEY","2009","YEAR","","STATE","NEBRASKA","31","","","","","","","00000000","","WHEAT","WHEAT, WINTER - YIELD, MEASURED IN BU / ACRE","TOTAL","NOT SPECIFIED","48",""
"SURVEY","2009","YEAR","","STATE","OKLAHOMA","40","","","","","","","00000000","","WHEAT","WHEAT, WINTER - YIELD, MEASURED IN BU / ACRE","TOTAL","NOT SPECIFIED","22",""
"SURVEY","2009","YEAR","","STATE","SOUTH DAKOTA","46","","","","","","","00000000","","WHEAT","WHEAT, WINTER - YIELD, MEASURED IN BU / ACRE","TOTAL","NOT SPECIFIED","41",""
"SURVEY","2009","YEAR","","STATE","WASHINGTON","53","","","","","","","00000000","","WHEAT","WHEAT, WINTER - YIELD, MEASURED IN BU / ACRE","TOTAL","NOT SPECIFIED","58",""
"SURVEY","2008","YEAR","","STATE","COLORADO","08","","","","","","","00000000","","WHEAT","WHEAT, WINTER - YIELD, MEASURED IN BU / ACRE","TOTAL","NOT SPECIFIED","31",""
"SURVEY","2008","YEAR","","STATE","IDAHO","16","","","","","","","00000000","","WHEAT","WHEAT, WINTER - YIELD, MEASURED IN BU / ACRE","TOTAL","NOT SPECIFIED","75",""
"SURVEY","2008","YEAR","","STATE","ILLINOIS","17","","","","","","","00000000","","WHEAT","WHEAT, WINTER - YIELD, MEASURED IN BU / ACRE","TOTAL","NOT SPECIFIED","64",""
"SURVEY","2008","YEAR","","STATE","KANSAS","20","","","","","","","00000000","","WHEAT","WHEAT, WINTER - YIELD, MEASURED IN BU / ACRE","TOTAL","NOT SPECIFIED","40",""
"SURVEY","2008","YEAR","","STATE","MISSOURI","29","","","","","","","00000000","","WHEAT","WHEAT, WINTER - YIELD, MEASURED IN BU / ACRE","TOTAL","NOT SPECIFIED","48",""
"SURVEY","2008","YEAR","","STATE","MONTANA","30","","","","","","","00000000","","WHEAT","WHEAT, WINTER - YIELD, MEASURED IN BU / ACRE","TOTAL","NOT SPECIFIED","39",""
"SURVEY","2008","YEAR","","STATE","NEBRASKA","31","","","","","","","00000000","","WHEAT","WHEAT, WINTER - YIELD, MEASURED IN BU / ACRE","TOTAL","NOT SPECIFIED","44",""
"SURVEY","2008","YEAR","","STATE","OKLAHOMA","40","","","","","","","00000000","","WHEAT","WHEAT, WINTER - YIELD, MEASURED IN BU / ACRE","TOTAL","NOT SPECIFIED","37",""
"SURVEY","2008","YEAR","","STATE","SOUTH DAKOTA","46","","","","","","","00000000","","WHEAT","WHEAT, WINTER - YIELD, MEASURED IN BU / ACRE","TOTAL","NOT SPECIFIED","55",""
"SURVEY","2008","YEAR","","STATE","WASHINGTON","53","","","","","","","00000000","","WHEAT","WHEAT, WINTER - YIELD, MEASURED IN BU / ACRE","TOTAL","NOT SPECIFIED","56",""
"SURVEY","2007","YEAR","","STATE","COLORADO","08","","","","","","","00000000","","WHEAT","WHEAT, WINTER - YIELD, MEASURED IN BU / ACRE","TOTAL","NOT SPECIFIED","39",""
"SURVEY","2007","YEAR","","STATE","IDAHO","16","","","","","","","00000000","","WHEAT","WHEAT, WINTER - YIELD, MEASURED IN BU / ACRE","TOTAL","NOT SPECIFIED","73",""
"SURVEY","2007","YEAR","","STATE","ILLINOIS","17","","","","","","","00000000","","WHEAT","WHEAT, WINTER - YIELD, MEASURED IN BU / ACRE","TOTAL","NOT SPECIFIED","55",""
"SURVEY","2007","YEAR","","STATE","KANSAS","20","","","","","","","00000000","","WHEAT","WHEAT, WINTER - YIELD, MEASURED IN BU / ACRE","TOTAL","NOT SPECIFIED","33",""
"SURVEY","2007","YEAR","","STATE","MISSOURI","29","","","","","","","00000000","","WHEAT","WHEAT, WINTER - YIELD, MEASURED IN BU / ACRE","TOTAL","NOT SPECIFIED","43",""
"SURVEY","2007","YEAR","","STATE","MONTANA","30","","","","","","","00000000","","WHEAT","WHEAT, WINTER - YIELD, MEASURED IN BU / ACRE","TOTAL","NOT SPECIFIED","38",""
"SURVEY","2007","YEAR","","STATE","NEBRASKA","31","","","","","","","00000000","","WHEAT","WHEAT, WINTER - YIELD, MEASURED IN BU / ACRE","TOTAL","NOT SPECIFIED","43",""
"SURVEY","2007","YEAR","","STATE","OKLAHOMA","40","","","","","","","00000000","","WHEAT","WHEAT, WINTER - YIELD, MEASURED IN BU / ACRE","TOTAL","NOT SPECIFIED","28",""
"SURVEY","2007","YEAR","","STATE","SOUTH DAKOTA","46","","","","","","","00000000","","WHEAT","WHEAT, WINTER - YIELD, MEASURED IN BU / ACRE","TOTAL","NOT SPECIFIED","46",""
"SURVEY","2007","YEAR","","STATE","WASHINGTON","53","","","","","","","00000000","","WHEAT","WHEAT, WINTER - YIELD, MEASURED IN BU / ACRE","TOTAL","NOT SPECIFIED","62",""
"SURVEY","2006","YEAR","","STATE","COLORADO","08","","","","","","","00000000","","WHEAT","WHEAT, WINTER - YIELD, MEASURED IN BU / ACRE","TOTAL","NOT SPECIFIED","21",""
"SURVEY","2006","YEAR","","STATE","IDAHO","16","","","","","","","00000000","","WHEAT","WHEAT, WINTER - YIELD, MEASURED IN BU / ACRE","TOTAL","NOT SPECIFIED","77",""
"SURVEY","2006","YEAR","","STATE","ILLINOIS","17","","","","","","","00000000","","WHEAT","WHEAT, WINTER - YIELD, MEASURED IN BU / ACRE","TOTAL","NOT SPECIFIED","67",""
"SURVEY","2006","YEAR","","STATE","KANSAS","20","","","","","","","00000000","","WHEAT","WHEAT, WINTER - YIELD, MEASURED IN BU / ACRE","TOTAL","NOT SPECIFIED","32",""
"SURVEY","2006","YEAR","","STATE","MISSOURI","29","","","","","","","00000000","","WHEAT","WHEAT, WINTER - YIELD, MEASURED IN BU / ACRE","TOTAL","NOT SPECIFIED","54",""
"SURVEY","2006","YEAR","","STATE","MONTANA","30","","","","","","","00000000","","WHEAT","WHEAT, WINTER - YIELD, MEASURED IN BU / ACRE","TOTAL","NOT SPECIFIED","43",""
"SURVEY","2006","YEAR","","STATE","NEBRASKA","31","","","","","","","00000000","","WHEAT","WHEAT, WINTER - YIELD, MEASURED IN BU / ACRE","TOTAL","NOT SPECIFIED","36",""
"SURVEY","2006","YEAR","","STATE","OKLAHOMA","40","","","","","","","00000000","","WHEAT","WHEAT, WINTER - YIELD, MEASURED IN BU / ACRE","TOTAL","NOT SPECIFIED","24",""
"SURVEY","2006","YEAR","","STATE","SOUTH DAKOTA","46","","","","","","","00000000","","WHEAT","WHEAT, WINTER - YIELD, MEASURED IN BU / ACRE","TOTAL","NOT SPECIFIED","36",""
"SURVEY","2006","YEAR","","STATE","WASHINGTON","53","","","","","","","00000000","","WHEAT","WHEAT, WINTER - YIELD, MEASURED IN BU / ACRE","TOTAL","NOT SPECIFIED","65",""
"SURVEY","2005","YEAR","","STATE","COLORADO","08","","","","","","","00000000","","WHEAT","WHEAT, WINTER - YIELD, MEASURED IN BU / ACRE","TOTAL","NOT SPECIFIED","24",""
"SURVEY","2005","YEAR","","STATE","IDAHO","16","","","","","","","00000000","","WHEAT","WHEAT, WINTER - YIELD, MEASURED IN BU / ACRE","TOTAL","NOT SPECIFIED","91",""
"SURVEY","2005","YEAR","","STATE","ILLINOIS","17","","","","","","","00000000","","WHEAT","WHEAT, WINTER - YIELD, MEASURED IN BU / ACRE","TOTAL","NOT SPECIFIED","61",""
"SURVEY","2005","YEAR","","STATE","KANSAS","20","","","","","","","00000000","","WHEAT","WHEAT, WINTER - YIELD, MEASURED IN BU / ACRE","TOTAL","NOT SPECIFIED","40",""
"SURVEY","2005","YEAR","","STATE","MISSOURI","29","","","","","","","00000000","","WHEAT","WHEAT, WINTER - YIELD, MEASURED IN BU / ACRE","TOTAL","NOT SPECIFIED","53",""
"SURVEY","2005","YEAR","","STATE","MONTANA","30","","","","","","","00000000","","WHEAT","WHEAT, WINTER - YIELD, MEASURED IN BU / ACRE","TOTAL","NOT SPECIFIED","45",""
"SURVEY","2005","YEAR","","STATE","NEBRASKA","31","","","","","","","00000000","","WHEAT","WHEAT, WINTER - YIELD, MEASURED IN BU / ACRE","TOTAL","NOT SPECIFIED","39",""
"SURVEY","2005","YEAR","","STATE","OKLAHOMA","40","","","","","","","00000000","","WHEAT","WHEAT, WINTER - YIELD, MEASURED IN BU / ACRE","TOTAL","NOT SPECIFIED","32",""
"SURVEY","2005","YEAR","","STATE","SOUTH DAKOTA","46","","","","","","","00000000","","WHEAT","WHEAT, WINTER - YIELD, MEASURED IN BU / ACRE","TOTAL","NOT SPECIFIED","44",""
"SURVEY","2005","YEAR","","STATE","WASHINGTON","53","","","","","","","00000000","","WHEAT","WHEAT, WINTER - YIELD, MEASURED IN BU / ACRE","TOTAL","NOT SPECIFIED","67",""
"SURVEY","2004","YEAR","","STATE","COLORADO","08","","","","","","","00000000","","WHEAT","WHEAT, WINTER - YIELD, MEASURED IN BU / ACRE","TOTAL","NOT SPECIFIED","27",""
"SURVEY","2004","YEAR","","STATE","IDAHO","16","","","","","","","00000000","","WHEAT","WHEAT, WINTER - YIELD, MEASURED IN BU / ACRE","TOTAL","NOT SPECIFIED","90",""
"SURVEY","2004","YEAR","","STATE","ILLINOIS","17","","","","","","","00000000","","WHEAT","WHEAT, WINTER - YIELD, MEASURED IN BU / ACRE","TOTAL","NOT SPECIFIED","59",""
"SURVEY","2004","YEAR","","STATE","KANSAS","20","","","","","","","00000000","","WHEAT","WHEAT, WINTER - YIELD, MEASURED IN BU / ACRE","TOTAL","NOT SPECIFIED","37",""
"SURVEY","2004","YEAR","","STATE","MISSOURI","29","","","","","","","00000000","","WHEAT","WHEAT, WINTER - YIELD, MEASURED IN BU / ACRE","TOTAL","NOT SPECIFIED","52",""
"SURVEY","2004","YEAR","","STATE","MONTANA","30","","","","","","","00000000","","WHEAT","WHEAT, WINTER - YIELD, MEASURED IN BU / ACRE","TOTAL","NOT SPECIFIED","41",""
"SURVEY","2004","YEAR","","STATE","NEBRASKA","31","","","","","","","00000000","","WHEAT","WHEAT, WINTER - YIELD, MEASURED IN BU / ACRE","TOTAL","NOT SPECIFIED","37",""
"SURVEY","2004","YEAR","","STATE","OKLAHOMA","40","","","","","","","00000000","","WHEAT","WHEAT, WINTER - YIELD, MEASURED IN BU / ACRE","TOTAL","NOT SPECIFIED","35",""
"SURVEY","2004","YEAR","","STATE","SOUTH DAKOTA","46","","","","","","","00000000","","WHEAT","WHEAT, WINTER - YIELD, MEASURED IN BU / ACRE","TOTAL","NOT SPECIFIED","45",""
"SURVEY","2004","YEAR","","STATE","WASHINGTON","53","","","","","","","00000000","","WHEAT","WHEAT, WINTER - YIELD, MEASURED IN BU / ACRE","TOTAL","NOT SPECIFIED","67",""
"SURVEY","2003","YEAR","","STATE","COLORADO","08","","","","","","","00000000","","WHEAT","WHEAT, WINTER - YIELD, MEASURED IN BU / ACRE","TOTAL","NOT SPECIFIED","35",""
"SURVEY","2003","YEAR","","STATE","IDAHO","16","","","","","","","00000000","","WHEAT","WHEAT, WINTER - YIELD, MEASURED IN BU / ACRE","TOTAL","NOT SPECIFIED","80",""
"SURVEY","2003","YEAR","","STATE","ILLINOIS","17","","","","","","","00000000","","WHEAT","WHEAT, WINTER - YIELD, MEASURED IN BU / ACRE","TOTAL","NOT SPECIFIED","65",""
"SURVEY","2003","YEAR","","STATE","KANSAS","20","","","","","","","00000000","","WHEAT","WHEAT, WINTER - YIELD, MEASURED IN BU / ACRE","TOTAL","NOT SPECIFIED","48",""
"SURVEY","2003","YEAR","","STATE","MISSOURI","29","","","","","","","00000000","","WHEAT","WHEAT, WINTER - YIELD, MEASURED IN BU / ACRE","TOTAL","NOT SPECIFIED","61",""
"SURVEY","2003","YEAR","","STATE","MONTANA","30","","","","","","","00000000","","WHEAT","WHEAT, WINTER - YIELD, MEASURED IN BU / ACRE","TOTAL","NOT SPECIFIED","37",""
"SURVEY","2003","YEAR","","STATE","NEBRASKA","31","","","","","","","00000000","","WHEAT","WHEAT, WINTER - YIELD, MEASURED IN BU / ACRE","TOTAL","NOT SPECIFIED","46",""
"SURVEY","2003","YEAR","","STATE","OKLAHOMA","40","","","","","","","00000000","","WHEAT","WHEAT, WINTER - YIELD, MEASURED IN BU / ACRE","TOTAL","NOT SPECIFIED","39",""
"SURVEY","2003","YEAR","","STATE","SOUTH DAKOTA","46","","","","","","","00000000","","WHEAT","WHEAT, WINTER - YIELD, MEASURED IN BU / ACRE","TOTAL","NOT SPECIFIED","43",""
"SURVEY","2003","YEAR","","STATE","WASHINGTON","53","","","","","","","00000000","","WHEAT","WHEAT, WINTER - YIELD, MEASURED IN BU / ACRE","TOTAL","NOT SPECIFIED","65",""
"SURVEY","2002","YEAR","","STATE","COLORADO","08","","","","","","","00000000","","WHEAT","WHEAT, WINTER - YIELD, MEASURED IN BU / ACRE","TOTAL","NOT SPECIFIED","22",""
"SURVEY","2002","YEAR","","STATE","IDAHO","16","","","","","","","00000000","","WHEAT","WHEAT, WINTER - YIELD, MEASURED IN BU / ACRE","TOTAL","NOT SPECIFIED","77",""
"SURVEY","2002","YEAR","","STATE","ILLINOIS","17","","","","","","","00000000","","WHEAT","WHEAT, WINTER - YIELD, MEASURED IN BU / ACRE","TOTAL","NOT SPECIFIED","49",""
"SURVEY","2002","YEAR","","STATE","KANSAS","20","","","","","","","00000000","","WHEAT","WHEAT, WINTER - YIELD, MEASURED IN BU / ACRE","TOTAL","NOT SPECIFIED","33",""
"SURVEY","2002","YEAR","","STATE","MISSOURI","29","","","","","","","00000000","","WHEAT","WHEAT, WINTER - YIELD, MEASURED IN BU / ACRE","TOTAL","NOT SPECIFIED","44",""
"SURVEY","2002","YEAR","","STATE","MONTANA","30","","","","","","","00000000","","WHEAT","WHEAT, WINTER - YIELD, MEASURED IN BU / ACRE","TOTAL","NOT SPECIFIED","28",""
"SURVEY","2002","YEAR","","STATE","NEBRASKA","31","","","","","","","00000000","","WHEAT","WHEAT, WINTER - YIELD, MEASURED IN BU / ACRE","TOTAL","NOT SPECIFIED","33",""
"SURVEY","2002","YEAR","","STATE","OKLAHOMA","40","","","","","","","00000000","","WHEAT","WHEAT, WINTER - YIELD, MEASURED IN BU / ACRE","TOTAL","NOT SPECIFIED","28",""
"SURVEY","2002","YEAR","","STATE","SOUTH DAKOTA","46","","","","","","","00000000","","WHEAT","WHEAT, WINTER - YIELD, MEASURED IN BU / ACRE","TOTAL","NOT SPECIFIED","30",""
"SURVEY","2002","YEAR","","STATE","WASHINGTON","53","","","","","","","00000000","","WHEAT","WHEAT, WINTER - YIELD, MEASURED IN BU / ACRE","TOTAL","NOT SPECIFIED","58",""
"SURVEY","2001","YEAR","","STATE","COLORADO","08","","","","","","","00000000","","WHEAT","WHEAT, WINTER - YIELD, MEASURED IN BU / ACRE","TOTAL","NOT SPECIFIED","33",""
"SURVEY","2001","YEAR","","STATE","IDAHO","16","","","","","","","00000000","","WHEAT","WHEAT, WINTER - YIELD, MEASURED IN BU / ACRE","TOTAL","NOT SPECIFIED","73",""
"SURVEY","2001","YEAR","","STATE","ILLINOIS","17","","","","","","","00000000","","WHEAT","WHEAT, WINTER - YIELD, MEASURED IN BU / ACRE","TOTAL","NOT SPECIFIED","61",""
"SURVEY","2001","YEAR","","STATE","KANSAS","20","","","","","","","00000000","","WHEAT","WHEAT, WINTER - YIELD, MEASURED IN BU / ACRE","TOTAL","NOT SPECIFIED","40",""
"SURVEY","2001","YEAR","","STATE","MISSOURI","29","","","","","","","00000000","","WHEAT","WHEAT, WINTER - YIELD, MEASURED IN BU / ACRE","TOTAL","NOT SPECIFIED","54",""
"SURVEY","2001","YEAR","","STATE","MONTANA","30","","","","","","","00000000","","WHEAT","WHEAT, WINTER - YIELD, MEASURED IN BU / ACRE","TOTAL","NOT SPECIFIED","22",""
"SURVEY","2001","YEAR","","STATE","NEBRASKA","31","","","","","","","00000000","","WHEAT","WHEAT, WINTER - YIELD, MEASURED IN BU / ACRE","TOTAL","NOT SPECIFIED","37",""
"SURVEY","2001","YEAR","","STATE","OKLAHOMA","40","","","","","","","00000000","","WHEAT","WHEAT, WINTER - YIELD, MEASURED IN BU / ACRE","TOTAL","NOT SPECIFIED","33",""
"SURVEY","2001","YEAR","","STATE","SOUTH DAKOTA","46","","","","","","","00000000","","WHEAT","WHEAT, WINTER - YIELD, MEASURED IN BU / ACRE","TOTAL","NOT SPECIFIED","32",""
"SURVEY","2001","YEAR","","STATE","WASHINGTON","53","","","","","","","00000000","","WHEAT","WHEAT, WINTER - YIELD, MEASURED IN BU / ACRE","TOTAL","NOT SPECIFIED","61",""
"SURVEY","2000","YEAR","","STATE","COLORADO","08","","","","","","","00000000","","WHEAT","WHEAT, WINTER - YIELD, MEASURED IN BU / ACRE","TOTAL","NOT SPECIFIED","29",""
"SURVEY","2000","YEAR","","STATE","IDAHO","16","","","","","","","00000000","","WHEAT","WHEAT, WINTER - YIELD, MEASURED IN BU / ACRE","TOTAL","NOT SPECIFIED","90",""
"SURVEY","2000","YEAR","","STATE","ILLINOIS","17","","","","","","","00000000","","WHEAT","WHEAT, WINTER - YIELD, MEASURED IN BU / ACRE","TOTAL","NOT SPECIFIED","57",""
"SURVEY","2000","YEAR","","STATE","KANSAS","20","","","","","","","00000000","","WHEAT","WHEAT, WINTER - YIELD, MEASURED IN BU / ACRE","TOTAL","NOT SPECIFIED","37",""
"SURVEY","2000","YEAR","","STATE","MISSOURI","29","","","","","","","00000000","","WHEAT","WHEAT, WINTER - YIELD, MEASURED IN BU / ACRE","TOTAL","NOT SPECIFIED","52",""
"SURVEY","2000","YEAR","","STATE","MONTANA","30","","","","","","","00000000","","WHEAT","WHEAT, WINTER - YIELD, MEASURED IN BU / ACRE","TOTAL","NOT SPECIFIED","33",""
"SURVEY","2000","YEAR","","STATE","NEBRASKA","31","","","","","","","00000000","","WHEAT","WHEAT, WINTER - YIELD, MEASURED IN BU / ACRE","TOTAL","NOT SPECIFIED","36",""
"SURVEY","2000","YEAR","","STATE","OKLAHOMA","40","","","","","","","00000000","","WHEAT","WHEAT, WINTER - YIELD, MEASURED IN BU / ACRE","TOTAL","NOT SPECIFIED","34",""
"SURVEY","2000","YEAR","","STATE","SOUTH DAKOTA","46","","","","","","","00000000","","WHEAT","WHEAT, WINTER - YIELD, MEASURED IN BU / ACRE","TOTAL","NOT SPECIFIED","42",""
"SURVEY","2000","YEAR","","STATE","WASHINGTON","53","","","","","","","00000000","","WHEAT","WHEAT, WINTER - YIELD, MEASURED IN BU / ACRE","TOTAL","NOT SPECIFIED","73",""
